{"monomer": [1, 2, 3, 4, 5, 6, 7, 8, 9, 10, 11, 12, 13, 14, 15, 16, 17, 18, 19, 20, 21, 22, 23, 24, 25, 26, 27, 1, 2, 3, 4, 5, 6, 7, 8, 9, 10, 11, 12, 13, 14, 15, 16, 17, 18, 19, 20, 21, 22, 23, 24, 25, 26, 27, 1, 2, 3, 4, 5, 6, 7, 8, 9, 10, 11, 12, 13, 14, 15, 16, 17, 18, 19, 20, 21, 22, 23, 24, 25, 26, 27], "ring": ["B850a", "B800", "B850b", "B850a", "B800", "B850b", "B850a", "B800", "B850b", "B850a", "B800", "B850b", "B850a", "B800", "B850b", "B850a", "B800", "B850b", "B850a", "B800", "B850b", "B850a", "B800", "B850b", "B850a", "B800", "B850b", "B850a", "B800", "B850b", "B850a", "B800", "B850b", "B850a", "B800", "B850b", "B850a", "B800", "B850b", "B850a", "B800", "B850b", "B850a", "B800", "B850b", "B850a", "B800", "B850b", "B850a", "B800", "B850b", "B850a", "B800", "B850b", "B850a", "B800", "B850b", "B850a", "B800", "B850b", "B850a", "B800", "B850b", "B850a", "B800", "B850b", "B850a", "B800", "B850b", "B850a", "B800", "B850b", "B850a", "B800", "B850b", "B850a", "B800", "B850b", "B850a", "B800", "B850b"], "frame": [1, 1, 1, 1, 1, 1, 1, 1, 1, 1, 1, 1, 1, 1, 1, 1, 1, 1, 1, 1, 1, 1, 1, 1, 1, 1, 1, 251, 251, 251, 251, 251, 251, 251, 251, 251, 251, 251, 251, 251, 251, 251, 251, 251, 251, 251, 251, 251, 251, 251, 251, 251, 251, 251, 501, 501, 501, 501, 501, 501, 501, 501, 501, 501, 501, 501, 501, 501, 501, 501, 501, 501, 501, 501, 501, 501, 501, 501, 501, 501, 501], "xtb states": [[-126.60967829062479, -126.54444840614524], [-126.5736988081917, -126.50585282498405], [-126.63909280525131, -126.5712460027341], [-126.63053767091814, -126.56567537596861], [-126.5234706910595, -126.45591576718616], [-126.61603694851695, -126.54980809975254], [-126.59917813285712, -126.53220269886805], [-126.60981942150715, -126.54100313494243], [-126.64688116288585, -126.58031834894335], [-126.63631201863859, -126.56776901959914], [-126.53269535106651, -126.46991858844983], [-126.64134607612742, -126.57313681244307], [-126.63368661882194, -126.56781009455092], [-126.5775044569237, -126.51192563717636], [-126.61033899765324, -126.54280806511869], [-126.58944792664728, -126.52393528662726], [-126.59656506467967, -126.52886172176873], [-126.59430387375953, -126.52963760836457], [-126.61738213962809, -126.55057393564486], [-126.59370305022874, -126.52679177701381], [-126.58441100616407, -126.51731097310928], [-126.60314138523707, -126.53507221965675], [-126.60244306668658, -126.53691178866899], [-126.61778054076453, -126.54787151672167], [-126.62102633643005, -126.55444644272261], [-126.56119006762307, -126.49372212026468], [-126.62234651380594, -126.55597840845805], [-126.56273515744333, -126.49631546752546], [-126.60513711374696, -126.53678869789113], [-126.60448342859519, -126.53968874120842], [-126.62452157489761, -126.55758938436641], [-126.57624046608983, -126.50975796634792], [-126.624255675553, -126.55557888862809], [-126.57466280064264, -126.50689636963874], [-126.59881661542714, -126.53271871586118], [-126.61292166574287, -126.54578132983816], [-126.57843427404356, -126.51175626551642], [-126.60587036421566, -126.54003992232296], [-126.6043661177319, -126.54021647832863], [-126.60169782826212, -126.53577401908738], [-126.5820287463264, -126.51609606969944], [-126.57269700860853, -126.50208533009244], [-126.62952746958383, -126.56342244923265], [-126.55532242422491, -126.49011619033443], [-126.5850506336579, -126.51840204822342], [-126.60026303845144, -126.53462697171487], [-126.57415627526781, -126.50815073675751], [-126.6079039857127, -126.54018065133351], [-126.55219263775078, -126.4857260211144], [-126.60087262317256, -126.5331887653306], [-126.59720521236164, -126.53055617118433], [-126.58881326480245, -126.52260173740066], [-126.60819237604828, -126.53989245588083], [-126.63350463815034, -126.5662181638669], [-126.60410806522044, -126.5389405821373], [-126.6134396493422, -126.54724374765559], [-126.59516040883874, -126.52922541624105], [-126.64350338596658, -126.57440448277991], [-126.58874870686189, -126.52403965020667], [-126.62467933438764, -126.55923971536997], [-126.56745739019247, -126.50266194701098], [-126.61874346362876, -126.54979981467655], [-126.62706434139398, -126.56088590694237], [-126.59395342874672, -126.52874734672805], [-126.53065379029621, -126.46304791381577], [-126.62281926753259, -126.55441939611563], [-126.61075294346892, -126.54413233700657], [-126.55662095381221, -126.49242584013356], [-126.5800526512851, -126.51116389949938], [-126.60142043201652, -126.53478323116794], [-126.58712890757943, -126.51997082916164], [-126.60295840278495, -126.53511071847055], [-126.60580150146535, -126.53843321093613], [-126.53225870653421, -126.46660443968888], [-126.59686584692287, -126.52857075102128], [-126.59156467964566, -126.52521423714317], [-126.58855520927311, -126.52207887862981], [-126.60484398916367, -126.53769693226683], [-126.63497015011292, -126.56818438507413], [-126.59538555455623, -126.52824339577137], [-126.55116529594534, -126.48617782805162]], "xtb transition": [0.0652298844795551, 0.06784598320765055, 0.06784680251720768, 0.06486229494953621, 0.06755492387335171, 0.06622884876441563, 0.06697543398906902, 0.06881628656472934, 0.0665628139425017, 0.06854299903945381, 0.06277676261668122, 0.0682092636843573, 0.06587652427101494, 0.06557881974734106, 0.06753093253455573, 0.06551264002001118, 0.067703342910927, 0.06466626539496281, 0.06680820398323135, 0.06691127321492478, 0.06710003305479639, 0.0680691655803184, 0.06553127801758128, 0.06990902404285254, 0.06657989370744069, 0.06746794735838951, 0.06636810534788652, 0.0664196899178658, 0.06834841585584053, 0.0647946873867612, 0.06693219053120648, 0.06648249974190397, 0.06867678692490782, 0.06776643100389962, 0.06609789956595932, 0.06714033590470604, 0.06667800852713343, 0.06583044189269519, 0.06414963940326435, 0.06592380917473596, 0.06593267662695651, 0.07061167851609002, 0.06610502035119438, 0.06520623389048268, 0.06664858543448382, 0.06563606673657912, 0.06600553851029431, 0.06772333437918379, 0.06646661663638034, 0.06768385784195867, 0.06664904117731796, 0.06621152740179154, 0.06829992016745476, 0.06728647428343029, 0.06516748308314611, 0.06619590168661013, 0.06593499259769346, 0.06909890318666458, 0.06470905665521298, 0.06543961901766268, 0.06479544318149376, 0.06894364895221168, 0.06617843445159997, 0.06520608201865943, 0.06760587648044016, 0.0683998714169613, 0.06662060646235753, 0.06419511367864389, 0.06888875178572325, 0.06663720084859182, 0.06715807841779725, 0.0678476843143977, 0.06736829052922298, 0.06565426684533207, 0.06829509590158296, 0.06635044250248263, 0.06647633064329829, 0.06714705689684261, 0.06678576503879019, 0.06714215878486365, 0.06498746789370993]}